Country Name,Country Code,Series Name,Series Code,2006,2007,2008,2009,2010,2011,2012,2013,2014,2015
Afghanistan,AFG,GDP (current US$),NY.GDP.MKTP.CD,6971379033,9715761650,10249767311,12154835708,15633856787,18190410821,20203572960,20564485419,20550582747,19998156214
Albania,ALB,GDP (current US$),NY.GDP.MKTP.CD,8896072919,10677324144,12881353508,12044208086,11926922829,12890764531,12319830437,12776220507,13228147516,11386850130
Algeria,DZA,GDP (current US$),NY.GDP.MKTP.CD,1.17027E+11,1.34977E+11,1.71001E+11,1.37211E+11,1.61207E+11,2.00013E+11,2.09059E+11,2.09755E+11,2.1381E+11,1.65979E+11
American Samoa,ASM,GDP (current US$),NY.GDP.MKTP.CD,493000000,518000000,560000000,675000000,573000000,570000000,640000000,638000000,643000000,673000000
Andorra,AND,GDP (current US$),NY.GDP.MKTP.CD,3456442103,3952600602,4085630584,3674409558,3449966857,3629203786,3188808943,3193704343,3271808157,2789870188
Angola,AGO,GDP (current US$),NY.GDP.MKTP.CD,52381006892,65266452081,88538610805,70307166934,81699526881,1.09437E+11,1.24998E+11,1.33402E+11,1.37244E+11,87219300385
Antigua and Barbuda,ATG,GDP (current US$),NY.GDP.MKTP.CD,1157662963,1312759259,1370070370,1228329630,1148700000,1137637037,1199948148,1181448148,1249733333,1336692593
Argentina,ARG,GDP (current US$),NY.GDP.MKTP.CD,2.32557E+11,2.87531E+11,3.61558E+11,3.32976E+11,4.23627E+11,5.30163E+11,5.45982E+11,5.52025E+11,5.2632E+11,5.94749E+11
Armenia,ARM,GDP (current US$),NY.GDP.MKTP.CD,6384451606,9206301700,11662040714,8647936748,9260284938,10142111334,10619320049,11121465767,11609512940,10553337673
Aruba,ABW,GDP (current US$),NY.GDP.MKTP.CD,2469832402,2677653631,2843016760,2553631285,2453631285,2637988827,2615083799,2727932961,2791061453,2963128492
Australia,AUS,GDP (current US$),NY.GDP.MKTP.CD,7.47907E+11,8.54427E+11,1.05564E+12,9.28627E+11,1.14861E+12,1.39841E+12,1.54689E+12,1.57638E+12,1.46755E+12,1.35062E+12
Austria,AUT,GDP (current US$),NY.GDP.MKTP.CD,3.3628E+11,3.89186E+11,4.32052E+11,4.01759E+11,3.92275E+11,4.31685E+11,4.09402E+11,4.30191E+11,4.42585E+11,3.81971E+11
Azerbaijan,AZE,GDP (current US$),NY.GDP.MKTP.CD,20982986344,33050343783,48852482960,44291490421,52909294792,65951627200,69683935845,74164435946,75244294275,53074370486
"Bahamas, The",BHS,GDP (current US$),NY.GDP.MKTP.CD,10167250000,10618340000,10526000000,9981960000,10095760000,10070450000,10720500000,10562800000,11176100000,11861900000
Bahrain,BHR,GDP (current US$),NY.GDP.MKTP.CD,18504760638,21730000000,25710904255,22938218085,25713271277,28776595745,30749308511,32539468085,33387712766,31050638298
Bangladesh,BGD,GDP (current US$),NY.GDP.MKTP.CD,71819083684,79611888213,91631278239,1.02478E+11,1.15279E+11,1.28638E+11,1.33356E+11,1.4999E+11,1.72885E+11,1.95079E+11
Barbados,BRB,GDP (current US$),NY.GDP.MKTP.CD,4217450800,4674007450,4784925100,4465657300,4529928300,4657699450,4610096000,4677248300,4696344350,4724691200
Belarus,BLR,GDP (current US$),NY.GDP.MKTP.CD,36954312354,45277399814,60763483146,50874078052,57222490769,61757788945,65685102555,75527984234,78813839984,56454734397
Belgium,BEL,GDP (current US$),NY.GDP.MKTP.CD,4.0826E+11,4.70922E+11,5.17328E+11,4.83254E+11,4.81421E+11,5.2333E+11,4.96153E+11,5.21791E+11,5.3539E+11,4.62336E+11
Belize,BLZ,GDP (current US$),NY.GDP.MKTP.CD,1581000000,1696000000,1729000000,1680500000,1738500000,1819500000,1903000000,2029500000,2138000000,2210500000
Benin,BEN,GDP (current US$),NY.GDP.MKTP.CD,7034111651,8169048690,9787735426,9738626993,9535345011,10693321370,11141358106,12517845128,13284527850,11388160997
Bermuda,BMU,GDP (current US$),NY.GDP.MKTP.CD,6144000000,6767000000,6980000000,6656000000,6634526000,6312691000,6378188000,6465756000,6413988000,6654541000
Bhutan,BTN,GDP (current US$),NY.GDP.MKTP.CD,874989895.6,1168308517,1227808791,1234014292,1547991318,1777101317,1781281282,1756215665,1907090813,2003598213
Bolivia,BOL,GDP (current US$),NY.GDP.MKTP.CD,11451869202,13120183208,16674324662,17339992194,19649631308,23963033429,27084497482,30659338886,32996188017,33000198248
Bosnia and Herzegovina,BIH,GDP (current US$),NY.GDP.MKTP.CD,12864610865,15778767390,19112739365,17613836494,17176781066,18644723861,17226849166,18178503835,18558343305,16211541593
Botswana,BWA,GDP (current US$),NY.GDP.MKTP.CD,9919158482,10567270656,10730763099,10118518637,12637319933,15110716534,13907510006,14271752527,15470059202,13530738158
Brazil,BRA,GDP (current US$),NY.GDP.MKTP.CD,1.10764E+12,1.39708E+12,1.69582E+12,1.66702E+12,2.20887E+12,2.6162E+12,2.46519E+12,2.47281E+12,2.45599E+12,1.80221E+12
British Virgin Islands,VGB,GDP (current US$),NY.GDP.MKTP.CD,..,..,..,..,..,..,..,..,..,..
Brunei Darussalam,BRN,GDP (current US$),NY.GDP.MKTP.CD,11470703002,12247694247,14393099069,10732366286,13707370737,18525319978,19047940301,18093829923,17098342541,12930394938
Bulgaria,BGR,GDP (current US$),NY.GDP.MKTP.CD,34379808889,44432811756,54481376860,52023505367,50682061053,57678241024,54300857424,55810138436,57082011260,50781996713
Burkina Faso,BFA,GDP (current US$),NY.GDP.MKTP.CD,6547420134,7625723124,9451436359,9450697336,10109618964,12080296644,12561016091,13444301139,13943016924,11832159276
Burundi,BDI,GDP (current US$),NY.GDP.MKTP.CD,1273375020,1356199365,1611835902,1781455092,2032135247,2235820868,2333341375,2451606684,2705783272,3104003611
Cabo Verde,CPV,GDP (current US$),NY.GDP.MKTP.CD,1107571017,1513040065,1787968044,1697737296,1663913071,1865915544,1741809809,1850470042,1859898513,1596800287
Cambodia,KHM,GDP (current US$),NY.GDP.MKTP.CD,7274595707,8639235842,10351914093,10401851851,11242275199,12829541141,14054443213,15227991395,16702610842,18049954289
Cameroon,CMR,GDP (current US$),NY.GDP.MKTP.CD,20910513975,23928251334,27715144580,27932971683,27507499709,30630912185,30155064574,33728622819,36386546918,32210232912
Canada,CAN,GDP (current US$),NY.GDP.MKTP.CD,1.31926E+12,1.46882E+12,1.55299E+12,1.37463E+12,1.61734E+12,1.79333E+12,1.82837E+12,1.8466E+12,1.80575E+12,1.55651E+12
Cayman Islands,CYM,GDP (current US$),NY.GDP.MKTP.CD,4200439458,4466438858,4586114125,4281868715,4156990760,4186223809,4291159006,4405954638,4563017881,4708336733
Central African Republic,CAF,GDP (current US$),NY.GDP.MKTP.CD,1461859832,1699811359,1993408072,2067381766,2142591376,2437982840,2510126699,1691544192,1894813505,1695825708
Chad,TCD,GDP (current US$),NY.GDP.MKTP.CD,7428701809,8650138069,10393834721,9290728773,10668102735,12172309523,12367363678,12953535496,13940768066,10950392220
Channel Islands,CHI,GDP (current US$),NY.GDP.MKTP.CD,9676410338,11515258634,..,..,..,..,..,..,..,..
Chile,CHL,GDP (current US$),NY.GDP.MKTP.CD,1.5384E+11,1.72566E+11,1.79663E+11,1.71413E+11,2.17105E+11,2.51225E+11,2.67176E+11,2.77239E+11,2.59405E+11,2.42497E+11
China,CHN,GDP (current US$),NY.GDP.MKTP.CD,2.75213E+12,3.55034E+12,4.59431E+12,5.1017E+12,6.08716E+12,7.5515E+12,8.53223E+12,9.57041E+12,1.04757E+13,1.10616E+13
Colombia,COL,GDP (current US$),NY.GDP.MKTP.CD,1.61619E+11,2.06182E+11,2.42187E+11,2.32398E+11,2.86563E+11,3.34944E+11,3.70921E+11,3.82116E+11,3.81112E+11,2.93482E+11
Comoros,COM,GDP (current US$),NY.GDP.MKTP.CD,698431827.7,795673128.5,915659192.8,905341090.6,907978723.5,1023086184,1015843369,1116224161,1149587652,966029542
"Congo, Dem. Rep.",COD,GDP (current US$),NY.GDP.MKTP.CD,14451902468,16737071816,19788515874,18648373312,21565720044,25839749199,29306235826,32679745298,35909040266,37917704900
"Congo, Rep.",COG,GDP (current US$),NY.GDP.MKTP.CD,8072305415,8782703767,11649858744,9723300391,13148395202,15655384440,17692912613,17958721572,17912908766,11890259136
Costa Rica,CRI,GDP (current US$),NY.GDP.MKTP.CD,22715540324,26884700345,30801744881,30745712007,37658614803,42762617082,47231651863,50949672206,52016408951,56441917653
Cote d'Ivoire,CIV,GDP (current US$),NY.GDP.MKTP.CD,25281414473,28760092034,34078243426,33886814907,34936305297,36693712825,36302305578,42760237561,48843008580,45814637971
Croatia,HRV,GDP (current US$),NY.GDP.MKTP.CD,50915016294,60641942979,70943300079,63324394634,60672093865,63408294943,57369359295,59032066092,58423981441,50242783066
Cuba,CUB,GDP (current US$),NY.GDP.MKTP.CD,48835925926,54262870370,56302129630,57481481481,59562962963,68990000000,73141000000,77148000000,80656000000,87133000000
Curacao,CUW,GDP (current US$),NY.GDP.MKTP.CD,..,..,..,..,..,2933128492,3024525140,3039944134,3048435754,3042737430
Cyprus,CYP,GDP (current US$),NY.GDP.MKTP.CD,20072786351,23968764030,27844698989,25945391775,25800247912,27642086581,25048659900,23961144906,23226782251,19909190059
Czechia,CZE,GDP (current US$),NY.GDP.MKTP.CD,1.56264E+11,1.90184E+11,2.36816E+11,2.07434E+11,2.0907E+11,2.29563E+11,2.08858E+11,2.11686E+11,2.09359E+11,1.88033E+11
Denmark,DNK,GDP (current US$),NY.GDP.MKTP.CD,2.82885E+11,3.19423E+11,3.53361E+11,3.21241E+11,3.21995E+11,3.44003E+11,3.27149E+11,3.43584E+11,3.52994E+11,3.02673E+11
Djibouti,DJI,GDP (current US$),NY.GDP.MKTP.CD,768873684,847918929.1,999105339.3,1049110685,1128611700,1239144502,1353632942,2042817163,2214679081,2424391785
Dominica,DMA,GDP (current US$),NY.GDP.MKTP.CD,390251851.9,421374074.1,458188888.9,489074074.1,493825925.9,501025925.9,485996296.3,498296296.3,520207407.4,540737037
Dominican Republic,DOM,GDP (current US$),NY.GDP.MKTP.CD,37879869898,43965420072,48122547177,48261033298,53860175556,58029750746,60681537196,62682163837,67179914027,71164825257
Ecuador,ECU,GDP (current US$),NY.GDP.MKTP.CD,46802044000,51007777000,61762635000,62519686000,69555367000,79276664000,87924544000,95129659000,1.01726E+11,99290381000
"Egypt, Arab Rep.",EGY,GDP (current US$),NY.GDP.MKTP.CD,1.07426E+11,1.30438E+11,1.62818E+11,1.89147E+11,2.18984E+11,2.3599E+11,2.79117E+11,2.88434E+11,3.05595E+11,3.29367E+11
El Salvador,SLV,GDP (current US$),NY.GDP.MKTP.CD,15999890000,17011750000,17986890000,17601620000,18447920000,20283780000,21386150000,21990960000,22593470000,23438240000
Equatorial Guinea,GNQ,GDP (current US$),NY.GDP.MKTP.CD,10086528699,13071718759,19749893536,15027795173,16314442183,21357344847,22388345810,21948835350,21765454404,13185496836
Eritrea,ERI,GDP (current US$),NY.GDP.MKTP.CD,1211161880,1317974491,1380188800,1856695551,1589515447,2065001626,..,..,..,..
Estonia,EST,GDP (current US$),NY.GDP.MKTP.CD,17022870405,22449129483,24341678629,19633031398,19523477326,23213994093,23019150071,25115753366,26634083965,22890762090
Eswatini,SWZ,GDP (current US$),NY.GDP.MKTP.CD,3291353836,3469363996,3294093485,3580417067,4438778424,4820499924,4886533033,4597532030,4422968340,4063245671
Ethiopia,ETH,GDP (current US$),NY.GDP.MKTP.CD,15280861835,19707616773,27066912635,32437389116,29933790334,31952763089,43310721414,47648211133,55612228234,64589334979
Faroe Islands,FRO,GDP (current US$),NY.GDP.MKTP.CD,2017673371,2339015743,2489888390,2296051036,2331786419,2505746270,2427190332,2690116269,2913995546,2573908649
Fiji,FJI,GDP (current US$),NY.GDP.MKTP.CD,3076305453,3378314600,3523185920,2870624636,3140181444,3779378134,3972012571,4189915667,4857220602,4682546881
Finland,FIN,GDP (current US$),NY.GDP.MKTP.CD,2.17089E+11,2.56378E+11,2.85716E+11,2.53498E+11,2.49424E+11,2.75604E+11,2.5829E+11,2.71362E+11,2.74863E+11,2.34534E+11
France,FRA,GDP (current US$),NY.GDP.MKTP.CD,2.32054E+12,2.66059E+12,2.9303E+12,2.70089E+12,2.64519E+12,2.86516E+12,2.68367E+12,2.81188E+12,2.85596E+12,2.43919E+12
French Polynesia,PYF,GDP (current US$),NY.GDP.MKTP.CD,5877996248,6631160061,7136743973,6584556512,6086643040,6203936563,5692858773,6031828532,6151998958,5325848045
Gabon,GAB,GDP (current US$),NY.GDP.MKTP.CD,10327598801,12455410056,15571349776,12113699661,14372591916,18210308748,17170465294,17595745653,18203968002,14383107714
"Gambia, The",GMB,GDP (current US$),NY.GDP.MKTP.CD,1054113427,1279704745,1561763437,1450140386,1543292393,1409694554,1415006238,1375608956,1229460602,1378176868
Georgia,GEO,GDP (current US$),NY.GDP.MKTP.CD,7745394293,10172882371,12795076469,10766836277,12243505583,15107441447,16488403076,17189551521,17627003455,14953950557
Germany,DEU,GDP (current US$),NY.GDP.MKTP.CD,2.9947E+12,3.42558E+12,3.74526E+12,3.41126E+12,3.39967E+12,3.74931E+12,3.52714E+12,3.7338E+12,3.88909E+12,3.35759E+12
Ghana,GHA,GDP (current US$),NY.GDP.MKTP.CD,20440893017,24827844950,28678701891,26048108185,32197272797,39337314810,41270954737,62823043706,54782847753,49406568433
Gibraltar,GIB,GDP (current US$),NY.GDP.MKTP.CD,..,..,..,..,..,..,..,..,..,..
Greece,GRC,GDP (current US$),NY.GDP.MKTP.CD,2.73547E+11,3.18903E+11,3.55909E+11,3.31309E+11,2.97125E+11,2.82996E+11,2.42029E+11,2.38908E+11,2.35458E+11,1.95684E+11
Greenland,GRL,GDP (current US$),NY.GDP.MKTP.CD,2013099482,2249811709,2499107511,2529948330,2503156061,2684467376,2609667674,2684952727,2842048998,2499115623
Grenada,GRD,GDP (current US$),NY.GDP.MKTP.CD,698700666.7,758683592.6,825976037,771275555.6,771013259.3,778655925.9,799882259.3,842620111.1,911500000,997007407.4
Guam,GUM,GDP (current US$),NY.GDP.MKTP.CD,4238000000,4397000000,4658000000,4828000000,4949000000,4984000000,5265000000,5399000000,5610000000,5799000000
Guatemala,GTM,GDP (current US$),NY.GDP.MKTP.CD,29744368111,33567868323,38503862831,37125943565,40676432029,46876114650,49593961142,52996540704,57852399964,62186186576
Guinea,GIN,GDP (current US$),NY.GDP.MKTP.CD,4220019243,6281917656,6964179194,6716904569,6853467858,6785137173,7638045254,8376613843,8778473615,8794202444
Guinea-Bissau,GNB,GDP (current US$),NY.GDP.MKTP.CD,592365688.1,696910810.9,868154708.5,830126470,849878424.2,1099818652,989271229.6,1046087418,1054915645,1048229629
Guyana,GUY,GDP (current US$),NY.GDP.MKTP.CD,2379818383,2730971150,3025187924,3165663153,3432913073,3691384318,4063089192,4167800259,4127659492,4279840194
Haiti,HTI,GDP (current US$),NY.GDP.MKTP.CD,7518107787,9522763154,10485225353,11597014807,11859315079,13008754111,13708926466,14902474091,15139264670,14833154472
Honduras,HND,GDP (current US$),NY.GDP.MKTP.CD,10917481688,12361257681,13881701034,14587496229,15839344592,17710315006,18528601901,18499710128,19756494435,20979767785
"Hong Kong SAR, China",HKG,GDP (current US$),NY.GDP.MKTP.CD,1.93536E+11,2.11597E+11,2.1928E+11,2.14046E+11,2.28638E+11,2.48514E+11,2.62629E+11,2.75697E+11,2.91459E+11,3.09384E+11
Hungary,HUN,GDP (current US$),NY.GDP.MKTP.CD,1.15716E+11,1.40187E+11,1.58326E+11,1.31069E+11,1.32175E+11,1.41942E+11,1.28814E+11,1.35684E+11,1.41034E+11,1.25174E+11
Iceland,ISL,GDP (current US$),NY.GDP.MKTP.CD,17465318552,21652505597,18074622987,13154414219,13751161918,15221622926,14751508134,16125060515,17867662178,17517210519
India,IND,GDP (current US$),NY.GDP.MKTP.CD,9.4026E+11,1.21674E+12,1.1989E+12,1.34189E+12,1.67562E+12,1.82305E+12,1.82764E+12,1.85672E+12,2.03913E+12,2.10359E+12
Indonesia,IDN,GDP (current US$),NY.GDP.MKTP.CD,3.64571E+11,4.32217E+11,5.10229E+11,5.3958E+11,7.55094E+11,8.92969E+11,9.1787E+11,9.12524E+11,8.90815E+11,8.60854E+11
"Iran, Islamic Rep.",IRN,GDP (current US$),NY.GDP.MKTP.CD,2.66299E+11,3.49882E+11,4.12336E+11,4.16397E+11,4.86808E+11,6.26133E+11,6.44036E+11,4.92776E+11,4.60383E+11,4.08213E+11
Iraq,IRQ,GDP (current US$),NY.GDP.MKTP.CD,65140147197,88837055195,1.31614E+11,1.11658E+11,1.38517E+11,1.8575E+11,2.18002E+11,2.34638E+11,2.28416E+11,1.66774E+11
Ireland,IRL,GDP (current US$),NY.GDP.MKTP.CD,2.32181E+11,2.70079E+11,2.75447E+11,2.36443E+11,2.21914E+11,2.39003E+11,2.25629E+11,2.38341E+11,2.59171E+11,2.91775E+11
Isle of Man,IMN,GDP (current US$),NY.GDP.MKTP.CD,3422651334,4466100440,5928420956,5487083658,5920177689,6566098382,6690725118,7000748788,7708834951,7085288006
Israel,ISR,GDP (current US$),NY.GDP.MKTP.CD,1.5867E+11,1.84052E+11,2.20531E+11,2.1197E+11,2.38364E+11,2.66792E+11,2.62282E+11,2.97733E+11,3.1433E+11,3.03414E+11
Italy,ITA,GDP (current US$),NY.GDP.MKTP.CD,1.94955E+12,2.2131E+12,2.40866E+12,2.19993E+12,2.1361E+12,2.29499E+12,2.08696E+12,2.14192E+12,2.16201E+12,1.83664E+12
Jamaica,JAM,GDP (current US$),NY.GDP.MKTP.CD,11930171468,12799593018,13709402085,12120460873,13220556883,14444655300,14807086889,14264202737,13899228824,14188935948
Japan,JPN,GDP (current US$),NY.GDP.MKTP.CD,4.60166E+12,4.57975E+12,5.10668E+12,5.28949E+12,5.75907E+12,6.23315E+12,6.27236E+12,5.21233E+12,4.89699E+12,4.44493E+12
Jordan,JOR,GDP (current US$),NY.GDP.MKTP.CD,15056981664,17110437236,22657662395,24537876124,27133804244,29524149165,31634561670,34454440181,36847643587,38587017944
Kazakhstan,KAZ,GDP (current US$),NY.GDP.MKTP.CD,81003884545,1.0485E+11,1.33442E+11,1.15309E+11,1.48047E+11,1.92627E+11,2.07999E+11,2.36635E+11,2.21416E+11,1.84388E+11
Kenya,KEN,GDP (current US$),NY.GDP.MKTP.CD,25825524821,31958195182,35895153328,42347217913,45405587557,46869457318,56396706006,61671425370,68285768554,70120413329
Kiribati,KIR,GDP (current US$),NY.GDP.MKTP.CD,110234939.8,132671743,141042610.3,132419903.3,155299761.5,180665807.1,189630151.2,184550782,177862267.9,170291037.5
"Korea, Dem. People's Rep.",PRK,GDP (current US$),NY.GDP.MKTP.CD,..,..,..,..,..,..,..,..,..,..
"Korea, Rep.",KOR,GDP (current US$),NY.GDP.MKTP.CD,1.05322E+12,1.17261E+12,1.04734E+12,9.43942E+11,1.14407E+12,1.25322E+12,1.27843E+12,1.3708E+12,1.48432E+12,1.46577E+12
Kosovo,XKX,GDP (current US$),NY.GDP.MKTP.CD,..,..,5181776769,5015894693,5344014318,6341737194,6163785173,6735731173,7074657898,6295820482
Kuwait,KWT,GDP (current US$),NY.GDP.MKTP.CD,1.01549E+11,1.1464E+11,1.47395E+11,1.05963E+11,1.15419E+11,1.54068E+11,1.7407E+11,1.74161E+11,1.62631E+11,1.14567E+11
Kyrgyz Republic,KGZ,GDP (current US$),NY.GDP.MKTP.CD,2834168889,3802566171,5139957785,4690062255,4794357795,6197766119,6605139933,7335027592,7468096567,6678178340
Lao PDR,LAO,GDP (current US$),NY.GDP.MKTP.CD,3455031448,4223152219,5446434032,5836138127,7131773633,8750107402,10192848926,11983252611,13279248479,14426381187
Latvia,LVA,GDP (current US$),NY.GDP.MKTP.CD,21570076499,31054350978,35854274229,26410909091,23956163077,27474380566,28169902669,30204783462,31386896487,27263090547
Lebanon,LBN,GDP (current US$),NY.GDP.MKTP.CD,22022709852,24827355015,29118916106,35399582929,38443907042,39927125961,44016799516,46880103081,48095213746,49929337837
Lesotho,LSO,GDP (current US$),NY.GDP.MKTP.CD,1800105590,1682016947,1766825413,1740830511,2234731974,2579421686,2477702253,2367113170,2441053176,2359759799
Liberia,LBR,GDP (current US$),NY.GDP.MKTP.CD,1119000000,1373000000,1726000000,1768000000,1998000000,2398000000,2791614000,3177198100,3225652000,3227075700
Libya,LBY,GDP (current US$),NY.GDP.MKTP.CD,60092950670,68035403136,86708074534,60810211408,75380170508,48167374612,92538004280,75350633011,57372445772,48717854040
Liechtenstein,LIE,GDP (current US$),NY.GDP.MKTP.CD,4000239273,4601299567,5081432924,4504549214,5082366478,5739977477,5456009385,6391735894,6657170923,6268391521
Lithuania,LTU,GDP (current US$),NY.GDP.MKTP.CD,30183575104,39697891352,47797551588,37388122046,37128694028,43535051482,42927454291,46523420074,48533659592,41435533340
Luxembourg,LUX,GDP (current US$),NY.GDP.MKTP.CD,42910146296,51587401416,58844277702,54467289898,56213985987,61696281326,59776383527,65203276467,68804811898,60071584216
"Macao SAR, China",MAC,GDP (current US$),NY.GDP.MKTP.CD,14874147024,18439876056,21027044551,21587740942,28241858489,36845925519,43189526778,51536304808,54903031138,45047964934
Madagascar,MDG,GDP (current US$),NY.GDP.MKTP.CD,6395712392,8524620739,10725137931,9616879571,9982711338,11551819618,11578974888,12423555269,12522957228,11323020829
Malawi,MWI,GDP (current US$),NY.GDP.MKTP.CD,3998020177,4432937046,5321012192,6191127665,6959655571,8004000737,6028487929,5518880769,6047813437,6373212641
Malaysia,MYS,GDP (current US$),NY.GDP.MKTP.CD,1.62691E+11,1.93548E+11,2.30814E+11,2.02258E+11,2.55017E+11,2.97952E+11,3.14443E+11,3.23277E+11,3.38062E+11,3.01355E+11
Maldives,MDV,GDP (current US$),NY.GDP.MKTP.CD,1575200391,1868383461,2271646188,2345294875,2588176055,2774351760,2886170572,3295011382,3697351597,4109424800
Mali,MLI,GDP (current US$),NY.GDP.MKTP.CD,6905934548,8156469133,9838404005,10231962891,10689167195,12995113407,12442036265,13242691430,14364937997,13104764334
Malta,MLT,GDP (current US$),NY.GDP.MKTP.CD,6778321415,7925403778,9090376446,8696304529,9035927350,9638919822,9462289606,10551600478,11626278730,11091423499
Marshall Islands,MHL,GDP (current US$),NY.GDP.MKTP.CD,142745200,149870000,145969100,150624900,160318500,171567100,179855800,185468000,185172900,182997300
Mauritania,MRT,GDP (current US$),NY.GDP.MKTP.CD,3919577286,4346206809,5206444407,4714592493,5628882266,6764635687,6728208836,7223063170,6592537782,6166857629
Mauritius,MUS,GDP (current US$),NY.GDP.MKTP.CD,7028803366,8150138757,9990370016,9128843109,10003670690,11518393367,11668685524,12292957324,13074137210,12007291046
Mexico,MEX,GDP (current US$),NY.GDP.MKTP.CD,9.75387E+11,1.0527E+12,1.10999E+12,9.00045E+11,1.0578E+12,1.18049E+12,1.20109E+12,1.27444E+12,1.31535E+12,1.17187E+12
"Micronesia, Fed. Sts.",FSM,GDP (current US$),NY.GDP.MKTP.CD,253541900,256787200,263145100,280284600,296944100,311301600,327248700,317214400,319271200,316489900
Moldova,MDA,GDP (current US$),NY.GDP.MKTP.CD,3408244549,4401189466,6054849885,5439422031,6974982393,8414351672,8709138765,9496717702,9510198962,7745241913
Monaco,MCO,GDP (current US$),NY.GDP.MKTP.CD,4582988333,5867916781,6476490406,5451653237,5367625613,6088808463,5743029680,6555983530,7069616049,6261622101
Mongolia,MNG,GDP (current US$),NY.GDP.MKTP.CD,3414055566,4234999823,5623216449,4583850368,7189481824,10409797649,12292770631,12582122604,12226514722,11619892396
Montenegro,MNE,GDP (current US$),NY.GDP.MKTP.CD,2721903149,3680711744,4545674528,4159330370,4143033276,4544516982,4087725813,4466039315,4594024180,4054712083
Morocco,MAR,GDP (current US$),NY.GDP.MKTP.CD,68640825481,79041294874,92507257784,92897320376,93216746662,1.0137E+11,98266306615,1.06826E+11,1.19131E+11,1.10414E+11
Mozambique,MOZ,GDP (current US$),NY.GDP.MKTP.CD,9176889070,10450843291,12556195189,11914471497,11104648673,14381552433,16350804543,16974320551,17716084108,15950969019
Myanmar,MMR,GDP (current US$),NY.GDP.MKTP.CD,11863016315,15591182545,23013015832,29455165595,37796052939,54118601975,58318677645,60572257122,63264892768,63045305229
Namibia,NAM,GDP (current US$),NY.GDP.MKTP.CD,8001779551,8839526452,8607475308,8938868165,11431334447,12523402329,13042007432,12043276401,12435416063,11335179561
Nauru,NRU,GDP (current US$),NY.GDP.MKTP.CD,..,..,..,..,47564520.39,66055407.67,96927201.48,98491843.64,104654365.2,86529661.37
Nepal,NPL,GDP (current US$),NY.GDP.MKTP.CD,9043715356,10325618017,12545438605,12854985464,16002656434,21573862467,21703106502,22162208956,22731602970,24360795411
Netherlands,NLD,GDP (current US$),NY.GDP.MKTP.CD,7.33955E+11,8.48559E+11,9.5187E+11,8.71519E+11,8.47381E+11,9.05271E+11,8.38923E+11,8.77173E+11,8.92168E+11,7.65573E+11
New Caledonia,NCL,GDP (current US$),NY.GDP.MKTP.CD,6979153332,8819922042,9067623001,8704436169,9364347372,10351442209,9659153061,10151385306,10635039739,8738205837
New Zealand,NZL,GDP (current US$),NY.GDP.MKTP.CD,1.11539E+11,1.37189E+11,1.33131E+11,1.21374E+11,1.46518E+11,1.68291E+11,1.76207E+11,1.90907E+11,2.01313E+11,1.78064E+11
Nicaragua,NIC,GDP (current US$),NY.GDP.MKTP.CD,6763361733,7423313549,8496946608,8298679909,8758639096,9774307336,10532006608,10982979274,11880434071,12756706583
Niger,NER,GDP (current US$),NY.GDP.MKTP.CD,4756361480,5731485267,7297600897,7352131669,7851191899,8772951262,9426913349,10224897935,10862944204,9683867894
Nigeria,NGA,GDP (current US$),NY.GDP.MKTP.CD,2.38455E+11,2.78261E+11,3.39476E+11,2.95009E+11,3.66991E+11,4.14467E+11,4.63971E+11,5.20117E+11,5.74184E+11,4.93027E+11
North Macedonia,MKD,GDP (current US$),NY.GDP.MKTP.CD,6861222332,8336478142,9909548411,9401731496,9407168702,10494632699,9745251126,10817712139,11362272838,10064515432
Northern Mariana Islands,MNP,GDP (current US$),NY.GDP.MKTP.CD,990000000,938000000,939000000,795000000,799000000,729000000,746000000,772000000,832000000,910000000
Norway,NOR,GDP (current US$),NY.GDP.MKTP.CD,3.45581E+11,4.00937E+11,4.6225E+11,3.8619E+11,4.28757E+11,4.98283E+11,5.09506E+11,5.22762E+11,4.9841E+11,3.85802E+11
Oman,OMN,GDP (current US$),NY.GDP.MKTP.CD,37215779714,42085379454,60905452536,48388363589,64993498049,77497529259,87408842653,89936020806,92699089727,78710793238
Pakistan,PAK,GDP (current US$),NY.GDP.MKTP.CD,1.37264E+11,1.52386E+11,1.70078E+11,1.68153E+11,1.77166E+11,2.13587E+11,2.24384E+11,2.31219E+11,2.44361E+11,2.70556E+11
Palau,PLW,GDP (current US$),NY.GDP.MKTP.CD,192382400,198897700,198283900,187522800,185943000,196911100,212397800,221117200,241669800,280457700
Panama,PAN,GDP (current US$),NY.GDP.MKTP.CD,18141666300,21295984200,25155888600,27116635600,29440287600,34686224300,40429700000,45599900000,49921400000,54091800000
Papua New Guinea,PNG,GDP (current US$),NY.GDP.MKTP.CD,8355006707,9545177014,11670840932,11619637799,14250755231,17984910502,21295659244,21261432791,23210682538,21723531173
Paraguay,PRY,GDP (current US$),NY.GDP.MKTP.CD,13429430050,17856393235,24615267664,22355151162,27260886405,33756238767,33271921136,38501122141,40377929296,36211447840
Peru,PER,GDP (current US$),NY.GDP.MKTP.CD,88643193062,1.02171E+11,1.20551E+11,1.20823E+11,1.47529E+11,1.71762E+11,1.92649E+11,2.01175E+11,2.00789E+11,1.89805E+11
Philippines,PHL,GDP (current US$),NY.GDP.MKTP.CD,1.27653E+11,1.5598E+11,1.81625E+11,1.75975E+11,2.08369E+11,2.34217E+11,2.61921E+11,2.83903E+11,2.97483E+11,3.06446E+11
Poland,POL,GDP (current US$),NY.GDP.MKTP.CD,3.44622E+11,4.29029E+11,5.33609E+11,4.39738E+11,4.75697E+11,5.24383E+11,4.95237E+11,5.15765E+11,5.39088E+11,4.77111E+11
Portugal,PRT,GDP (current US$),NY.GDP.MKTP.CD,2.08756E+11,2.40496E+11,2.63416E+11,2.44668E+11,2.38113E+11,2.45118E+11,2.16224E+11,2.26434E+11,2.29902E+11,1.99394E+11
Puerto Rico,PRI,GDP (current US$),NY.GDP.MKTP.CD,87276164400,89524131600,93639300000,96385600000,98381300000,1.00352E+11,1.01565E+11,1.0245E+11,1.02446E+11,1.03376E+11
Qatar,QAT,GDP (current US$),NY.GDP.MKTP.CD,60882142857,79712087912,1.1527E+11,97798351648,1.25122E+11,1.67775E+11,1.86834E+11,1.98728E+11,2.06225E+11,1.6174E+11
Romania,ROU,GDP (current US$),NY.GDP.MKTP.CD,1.22023E+11,1.74585E+11,2.14314E+11,1.74104E+11,1.70029E+11,1.92614E+11,1.79133E+11,1.8979E+11,1.99712E+11,1.77882E+11
Russian Federation,RUS,GDP (current US$),NY.GDP.MKTP.CD,9.89931E+11,1.29971E+12,1.66085E+12,1.22264E+12,1.52492E+12,2.04593E+12,2.2083E+12,2.29247E+12,2.05924E+12,1.36348E+12
Rwanda,RWA,GDP (current US$),NY.GDP.MKTP.CD,3318107347,4068224991,5177230923,5671592572,6121529488,6881379762,7650671477,7815975294,8234762201,8539424910
Samoa,WSM,GDP (current US$),NY.GDP.MKTP.CD,499923757.8,573548459.8,641346191.7,628006115.4,680250453.1,744104842.1,773157453.3,797728653.3,796698269.2,824160018.2
San Marino,SMR,GDP (current US$),NY.GDP.MKTP.CD,1908167106,2185874624,2393437820,2056126702,1881214371,1813752784,1604779648,1678841812,1673973695,1419394771
Sao Tome and Principe,STP,GDP (current US$),NY.GDP.MKTP.CD,142775597.3,149146423.1,188021190.6,187820464.6,196652514.3,231489270.1,250680845.7,300554483.6,346528329.2,316066072.3
Saudi Arabia,SAU,GDP (current US$),NY.GDP.MKTP.CD,3.769E+11,4.15965E+11,5.19797E+11,4.29098E+11,5.28207E+11,6.71239E+11,7.35975E+11,7.46647E+11,7.5635E+11,6.5427E+11
Senegal,SEN,GDP (current US$),NY.GDP.MKTP.CD,11697918803,13994218939,16853991177,16145868285,16121314671,17814284622,17660871726,18918668644,19797254643,17774766636
Serbia,SRB,GDP (current US$),NY.GDP.MKTP.CD,32482070360,43170990616,52194221469,45162894381,41819468692,49258136129,43309252921,48394239475,47062206678,39655958843
Seychelles,SYC,GDP (current US$),NY.GDP.MKTP.CD,1016418229,1033561654,967199594,847397850.1,969936525.3,1065826670,1059498884,1328091522,1387581392,1416001322
Sierra Leone,SLE,GDP (current US$),NY.GDP.MKTP.CD,1885112202,2158496873,2505458705,2453899847,2578026297,2942546781,3801862611,4920343195,5015157816,4218723875
Singapore,SGP,GDP (current US$),NY.GDP.MKTP.CD,1.4863E+11,1.80942E+11,1.93612E+11,1.94152E+11,2.39809E+11,2.79351E+11,2.95087E+11,3.07576E+11,3.14851E+11,3.08004E+11
Sint Maarten (Dutch part),SXM,GDP (current US$),NY.GDP.MKTP.CD,..,..,..,..,..,936089385.5,985865921.8,1022905028,1245251397,1253072626
Slovak Republic,SVK,GDP (current US$),NY.GDP.MKTP.CD,70767338922,86563986799,1.0088E+11,89399303222,91162836320,99922685425,94623731086,98935222175,1.01437E+11,88900883131
Slovenia,SVN,GDP (current US$),NY.GDP.MKTP.CD,39481045038,48067401207,55779427740,50567734886,48208240226,51583869785,46577793184,48415657265,49997186439,43107506024
Solomon Islands,SLB,GDP (current US$),NY.GDP.MKTP.CD,617254747.4,695295347.6,776339395.2,805561762.9,898133796.3,1063889652,1185215902,1285917750,1335579570,1307908070
Somalia,SOM,GDP (current US$),NY.GDP.MKTP.CD,..,..,..,..,..,..,..,4577000000,5024999992,5335000000
South Africa,ZAF,GDP (current US$),NY.GDP.MKTP.CD,3.03861E+11,3.33075E+11,3.16132E+11,3.29753E+11,4.17365E+11,4.58202E+11,4.34401E+11,4.00886E+11,3.81199E+11,3.4671E+11
South Sudan,SSD,GDP (current US$),NY.GDP.MKTP.CD,..,..,14586253383,12231264525,14602072411,14907308933,11931472169,18426469017,13962212847,11997800760
Spain,ESP,GDP (current US$),NY.GDP.MKTP.CD,1.2604E+12,1.474E+12,1.63186E+12,1.49147E+12,1.42211E+12,1.48071E+12,1.32475E+12,1.35558E+12,1.37182E+12,1.19616E+12
Sri Lanka,LKA,GDP (current US$),NY.GDP.MKTP.CD,28279814925,32350248411,40713812310,42066217872,58636150710,67753288946,70447191496,77000596661,82528526230,85140963537
St. Kitts and Nevis,KNA,GDP (current US$),NY.GDP.MKTP.CD,644414814.8,689285185.2,777691333.3,774273111.1,778718111.1,836092407.4,826231629.6,875376407.4,953174074.1,957040740.7
St. Lucia,LCA,GDP (current US$),NY.GDP.MKTP.CD,1268319185,1336088815,1437731111,1401507889,1486758037,1576988407,1605146778,1664816741,1749289303,1807227215
St. Martin (French part),MAF,GDP (current US$),NY.GDP.MKTP.CD,..,..,..,..,..,775890868.6,..,..,772950710.8,..
St. Vincent and the Grenadines,VCT,GDP (current US$),NY.GDP.MKTP.CD,643501148.1,713596666.7,732663259.3,714300259.3,720447888.9,713796370.4,730032592.6,764781259.3,770901444.4,786554592.6
Sudan,SDN,GDP (current US$),NY.GDP.MKTP.CD,45264519503,59440139775,64831935604,58316191440,74151186600,78403418360,63195499524,66026600235,76818327442,84985132167
Suriname,SUR,GDP (current US$),NY.GDP.MKTP.CD,2626380435,2936612022,3532969035,3875409836,4368398048,4422276622,4980000000,5145757576,5240606061,5126188135
Sweden,SWE,GDP (current US$),NY.GDP.MKTP.CD,4.23093E+11,4.91253E+11,5.17706E+11,4.36537E+11,4.95813E+11,5.74094E+11,5.52484E+11,5.86842E+11,5.81964E+11,5.05104E+11
Switzerland,CHE,GDP (current US$),NY.GDP.MKTP.CD,4.41635E+11,4.90741E+11,5.67268E+11,5.54213E+11,5.98851E+11,7.15888E+11,6.8642E+11,7.06235E+11,7.26538E+11,6.94118E+11
Syrian Arab Republic,SYR,GDP (current US$),NY.GDP.MKTP.CD,1.538E+11,1.8003E+11,2.1809E+11,2.24562E+11,2.52518E+11,67539427671,43190317725,21361254648,21502061462,16468399180
Tajikistan,TJK,GDP (current US$),NY.GDP.MKTP.CD,2830220713,3719506173,5161337336,4979481980,5642178580,6522732203,7633049792,8448469838,9112544556,8271454301
Tanzania,TZA,GDP (current US$),NY.GDP.MKTP.CD,18649590248,21843529025,27961527623,29081826159,32014247548,34657141721,39650522646,45680532614,49964825081,47378603784
Thailand,THA,GDP (current US$),NY.GDP.MKTP.CD,2.21758E+11,2.62942E+11,2.91383E+11,2.8171E+11,3.41105E+11,3.70819E+11,3.97558E+11,4.20333E+11,4.07339E+11,4.01296E+11
Timor-Leste,TLS,GDP (current US$),NY.GDP.MKTP.CD,453805097.3,542795446.5,648492745.9,726882390.2,881827794.9,1042411479,1160389551,1395519568,1447310449,1594447631
Togo,TGO,GDP (current US$),NY.GDP.MKTP.CD,2351584608,2662612348,3323677130,3379258565,3429461495,3872459250,3873308389,4321655656,4574986537,4180866177
Tonga,TON,GDP (current US$),NY.GDP.MKTP.CD,292232117.1,298513956.2,344428609,312377379.3,366840012.4,414523388.5,470714083.4,450643615.2,439878828,437006227.2
Trinidad and Tobago,TTO,GDP (current US$),NY.GDP.MKTP.CD,18369361094,21641620050,27871587350,19172165226,22157948396,25433011405,27121712423,28557451143,29489012807,26851970254
Tunisia,TUN,GDP (current US$),NY.GDP.MKTP.CD,34377310293,38914078352,44860969077,43454935940,46206091938,48122744708,47311159485,48684187850,50271072628,45780077488
Turkiye,TUR,GDP (current US$),NY.GDP.MKTP.CD,5.57058E+11,6.81337E+11,7.70462E+11,6.49273E+11,7.76993E+11,8.38763E+11,8.80556E+11,9.57783E+11,9.38953E+11,8.64317E+11
Turkmenistan,TKM,GDP (current US$),NY.GDP.MKTP.CD,10276674365,12664165103,19271523179,20214385965,22583157895,29233333333,35164210526,39197543860,43524210526,35799714286
Turks and Caicos Islands,TCA,GDP (current US$),NY.GDP.MKTP.CD,721891500,773489700,862683600,703175800,686787800,728789600,727161000,754238000,841070000,942070000
Tuvalu,TUV,GDP (current US$),NY.GDP.MKTP.CD,24096385.54,28449502.13,31873846.67,28076743.1,32104201.06,39195461.58,39345620.21,38617493.72,38759689.92,36811659.53
Uganda,UGA,GDP (current US$),NY.GDP.MKTP.CD,9977647645,11902564401,14440404021,25127805566,26673441667,27871725206,27305915761,28915786997,32612397758,32387183845
Ukraine,UKR,GDP (current US$),NY.GDP.MKTP.CD,1.11885E+11,1.48734E+11,1.88111E+11,1.21553E+11,1.4121E+11,1.69333E+11,1.82592E+11,1.90499E+11,1.33503E+11,91030959455
United Arab Emirates,ARE,GDP (current US$),NY.GDP.MKTP.CD,2.22117E+11,2.57916E+11,3.15475E+11,2.53547E+11,2.89787E+11,3.50666E+11,3.8461E+11,4.00219E+11,4.14105E+11,3.70275E+11
United Kingdom,GBR,GDP (current US$),NY.GDP.MKTP.CD,2.70991E+12,3.09282E+12,2.9315E+12,2.41764E+12,2.4914E+12,2.6664E+12,2.70634E+12,2.78632E+12,3.06522E+12,2.93486E+12
United States,USA,GDP (current US$),NY.GDP.MKTP.CD,1.38156E+13,1.44742E+13,1.47699E+13,1.44781E+13,1.5049E+13,1.55997E+13,1.6254E+13,1.68432E+13,1.75507E+13,1.8206E+13
Uruguay,URY,GDP (current US$),NY.GDP.MKTP.CD,19579457966,23410572634,30366213119,31660911277,40284481652,47962439304,51264390116,57531233351,57236013086,53274304222
Uzbekistan,UZB,GDP (current US$),NY.GDP.MKTP.CD,17330833853,22311393928,29549438884,33689223673,49765676402,60178909297,67517349212,73180036692,80845384375,86196265192
Vanuatu,VUT,GDP (current US$),NY.GDP.MKTP.CD,439358717.6,516392922.5,590748237,592622502.4,670713208.1,770153304.2,747839697.7,758304466.2,772315721.3,730870581.7
"Venezuela, RB",VEN,GDP (current US$),NY.GDP.MKTP.CD,1.83478E+11,2.30364E+11,3.15953E+11,3.29788E+11,3.93192E+11,3.16482E+11,3.81286E+11,3.71005E+11,4.82359E+11,..
Vietnam,VNM,GDP (current US$),NY.GDP.MKTP.CD,66371664817,77414425532,99130304099,1.06015E+11,1.47201E+11,1.72595E+11,1.95591E+11,2.13709E+11,2.33451E+11,2.39258E+11
Virgin Islands (U.S.),VIR,GDP (current US$),NY.GDP.MKTP.CD,4484000000,4784000000,4244000000,4201000000,4324000000,4223000000,4089000000,3738000000,3565000000,3663000000
West Bank and Gaza,PSE,GDP (current US$),NY.GDP.MKTP.CD,5348300000,5815700000,7310400000,8085700000,9681500000,11186100000,12208400000,13515500000,13989700000,13972400000
"Yemen, Rep.",YEM,GDP (current US$),NY.GDP.MKTP.CD,19061978586,21650532264,26910851362,25130274124,30906749533,32726417878,35401323350,40415233436,43228585321,42444495590
Zambia,ZMB,GDP (current US$),NY.GDP.MKTP.CD,12756858899,14056957976,17910858638,15328342304,20265559484,23459515276,25503060420,28037239463,27141023558,21251216799
Zimbabwe,ZWE,GDP (current US$),NY.GDP.MKTP.CD,5443896500,5291950100,4415702800,9665793264,12041655180,14101920310,17114849880,19091019990,19495519630,19963120610
Africa Eastern and Southern,AFE,GDP (current US$),NY.GDP.MKTP.CD,5.75722E+11,6.60827E+11,7.08119E+11,7.19095E+11,8.60361E+11,9.64213E+11,9.72002E+11,9.82677E+11,1.0034E+12,9.23144E+11
Africa Western and Central,AFW,GDP (current US$),NY.GDP.MKTP.CD,3.95656E+11,4.64426E+11,5.66479E+11,5.0703E+11,5.97129E+11,6.80456E+11,7.3604E+11,8.32217E+11,8.92498E+11,7.66958E+11
Arab World,ARB,GDP (current US$),NY.GDP.MKTP.CD,1.53829E+12,1.79004E+12,2.25373E+12,1.9788E+12,2.327E+12,2.54186E+12,2.78717E+12,2.84353E+12,2.89546E+12,2.53893E+12
Caribbean small states,CSS,GDP (current US$),NY.GDP.MKTP.CD,56074282811,62328931282,70781392493,59840576906,64943467922,70083173169,73852722208,75232098979,76921757096,75669285316
Central Europe and the Baltics,CEB,GDP (current US$),NY.GDP.MKTP.CD,1.00294E+12,1.26689E+12,1.53314E+12,1.29109E+12,1.3183E+12,1.45532E+12,1.35903E+12,1.41696E+12,1.46269E+12,1.29282E+12
Early-demographic dividend,EAR,GDP (current US$),NY.GDP.MKTP.CD,5.63908E+12,6.67211E+12,7.52411E+12,7.26219E+12,8.80498E+12,9.71865E+12,1.01563E+13,1.02976E+13,1.06514E+13,1.01317E+13
East Asia & Pacific,EAS,GDP (current US$),NY.GDP.MKTP.CD,1.10317E+13,1.2326E+13,1.42108E+13,1.4623E+13,1.70664E+13,1.97906E+13,2.11722E+13,2.14107E+13,2.20862E+13,2.19972E+13
East Asia & Pacific (excluding high income),EAP,GDP (current US$),NY.GDP.MKTP.CD,3.74083E+12,4.7279E+12,5.97896E+12,6.48467E+12,7.8895E+12,9.64553E+12,1.07592E+13,1.18711E+13,1.27988E+13,1.33276E+13
East Asia & Pacific (IDA & IBRD countries),TEA,GDP (current US$),NY.GDP.MKTP.CD,3.73566E+12,4.72148E+12,5.97093E+12,6.47589E+12,7.87908E+12,9.63293E+12,1.07451E+13,1.18557E+13,1.27822E+13,1.33103E+13
Euro area,EMU,GDP (current US$),NY.GDP.MKTP.CD,1.1184E+13,1.28791E+13,1.41583E+13,1.29385E+13,1.26417E+13,1.36379E+13,1.26388E+13,1.31963E+13,1.35101E+13,1.16755E+13
Europe & Central Asia,ECS,GDP (current US$),NY.GDP.MKTP.CD,1.81691E+13,2.12296E+13,2.33652E+13,2.05492E+13,2.10217E+13,2.33055E+13,2.24498E+13,2.34525E+13,2.37797E+13,2.04841E+13
Europe & Central Asia (excluding high income),ECA,GDP (current US$),NY.GDP.MKTP.CD,1.95008E+12,2.50949E+12,3.11042E+12,2.43779E+12,2.95306E+12,3.67001E+12,3.9147E+12,4.15023E+12,3.84583E+12,2.9214E+12
Europe & Central Asia (IDA & IBRD countries),TEC,GDP (current US$),NY.GDP.MKTP.CD,2.46764E+12,3.17375E+12,3.92928E+12,3.11496E+12,3.65946E+12,4.45041E+12,4.64644E+12,4.91482E+12,4.64305E+12,3.62663E+12
European Union,EUU,GDP (current US$),NY.GDP.MKTP.CD,1.27139E+13,1.47288E+13,1.62978E+13,1.4764E+13,1.45579E+13,1.57656E+13,1.46421E+13,1.52945E+13,1.56497E+13,1.35525E+13
Fragile and conflict affected situations,FCS,GDP (current US$),NY.GDP.MKTP.CD,1.0602E+12,1.29154E+12,1.63587E+12,1.51193E+12,1.78899E+12,1.68247E+12,1.88513E+12,1.95664E+12,2.07643E+12,1.6569E+12
Heavily indebted poor countries (HIPC),HPC,GDP (current US$),NY.GDP.MKTP.CD,3.26308E+11,3.91217E+11,4.6548E+11,4.70318E+11,5.19695E+11,5.83082E+11,6.04271E+11,6.72639E+11,7.14858E+11,6.93083E+11
High income,HIC,GDP (current US$),NY.GDP.MKTP.CD,3.99594E+13,4.3752E+13,4.66193E+13,4.36641E+13,4.57539E+13,4.93982E+13,4.94294E+13,5.00347E+13,5.11106E+13,4.82464E+13
IBRD only,IBD,GDP (current US$),NY.GDP.MKTP.CD,1.1426E+13,1.41915E+13,1.70331E+13,1.6522E+13,2.00996E+13,2.37969E+13,2.52903E+13,2.6685E+13,2.75969E+13,2.58543E+13
IDA & IBRD total,IBT,GDP (current US$),NY.GDP.MKTP.CD,1.24837E+13,1.54302E+13,1.85095E+13,1.79908E+13,2.17864E+13,2.55058E+13,2.709E+13,2.86408E+13,2.97068E+13,2.7911E+13
IDA blend,IDB,GDP (current US$),NY.GDP.MKTP.CD,4.69296E+11,5.41128E+11,6.39864E+11,6.06811E+11,7.15434E+11,8.23734E+11,9.09022E+11,9.89433E+11,1.0768E+12,1.01769E+12
IDA only,IDX,GDP (current US$),NY.GDP.MKTP.CD,5.89751E+11,6.98335E+11,8.37506E+11,8.63146E+11,9.72476E+11,8.8533E+11,8.90414E+11,9.66391E+11,1.03307E+12,1.03805E+12
IDA total,IDA,GDP (current US$),NY.GDP.MKTP.CD,1.05895E+12,1.23912E+12,1.47681E+12,1.46927E+12,1.6872E+12,1.70879E+12,1.79943E+12,1.95582E+12,2.10989E+12,2.05569E+12
Late-demographic dividend,LTE,GDP (current US$),NY.GDP.MKTP.CD,7.44093E+12,9.37412E+12,1.16529E+13,1.12595E+13,1.35445E+13,1.65084E+13,1.76693E+13,1.90293E+13,1.9771E+13,1.85456E+13
Latin America & Caribbean,LCN,GDP (current US$),NY.GDP.MKTP.CD,3.35139E+12,3.94863E+12,4.59025E+12,4.31327E+12,5.34763E+12,6.08641E+12,6.15223E+12,6.30381E+12,6.42818E+12,5.37209E+12
Latin America & Caribbean (excluding high income),LAC,GDP (current US$),NY.GDP.MKTP.CD,2.83942E+12,3.35604E+12,3.88319E+12,3.60539E+12,4.51375E+12,5.27594E+12,5.24829E+12,5.38639E+12,5.4111E+12,4.59949E+12
Latin America & the Caribbean (IDA & IBRD countries),TLA,GDP (current US$),NY.GDP.MKTP.CD,3.1858E+12,3.77306E+12,4.40805E+12,4.12907E+12,5.1583E+12,5.88471E+12,5.94445E+12,6.09123E+12,6.21106E+12,5.14381E+12
Least developed countries: UN classification,LDC,GDP (current US$),NY.GDP.MKTP.CD,4.09415E+11,4.91426E+11,5.99707E+11,6.03545E+11,6.85626E+11,7.96496E+11,8.36833E+11,9.12226E+11,9.8097E+11,9.49198E+11
Low & middle income,LMY,GDP (current US$),NY.GDP.MKTP.CD,1.16316E+13,1.43628E+13,1.7183E+13,1.68079E+13,2.0457E+13,2.41418E+13,2.56892E+13,2.72005E+13,2.81397E+13,2.66804E+13
Low income,LIC,GDP (current US$),NY.GDP.MKTP.CD,2.13985E+11,2.6244E+11,3.0885E+11,3.19704E+11,3.57153E+11,3.97459E+11,4.05292E+11,4.3935E+11,4.69063E+11,4.67057E+11
Lower middle income,LMC,GDP (current US$),NY.GDP.MKTP.CD,3.03747E+12,3.72893E+12,4.21989E+12,4.296E+12,5.25442E+12,6.04296E+12,6.33964E+12,6.44689E+12,6.7226E+12,6.54602E+12
Middle East & North Africa,MEA,GDP (current US$),NY.GDP.MKTP.CD,1.91768E+12,2.26443E+12,2.82111E+12,2.54874E+12,2.97677E+12,3.35414E+12,3.62753E+12,3.56565E+12,3.59221E+12,3.16419E+12
Middle East & North Africa (excluding high income),MNA,GDP (current US$),NY.GDP.MKTP.CD,9.35062E+11,1.14041E+12,1.40693E+12,1.37034E+12,1.58013E+12,1.62769E+12,1.75613E+12,1.61513E+12,1.60086E+12,1.43907E+12
Middle East & North Africa (IDA & IBRD countries),TMN,GDP (current US$),NY.GDP.MKTP.CD,9.29714E+11,1.13459E+12,1.39962E+12,1.36225E+12,1.57045E+12,1.6165E+12,1.74393E+12,1.60162E+12,1.58687E+12,1.4251E+12
Middle income,MIC,GDP (current US$),NY.GDP.MKTP.CD,1.12716E+13,1.393E+13,1.66634E+13,1.62792E+13,1.98588E+13,2.36905E+13,2.52544E+13,2.67535E+13,2.76622E+13,2.62096E+13
North America,NAC,GDP (current US$),NY.GDP.MKTP.CD,1.5141E+13,1.59498E+13,1.63298E+13,1.58593E+13,1.66729E+13,1.73994E+13,1.80887E+13,1.86963E+13,1.93628E+13,1.97692E+13
Not classified,INX,GDP (current US$),NY.GDP.MKTP.CD,..,..,..,..,..,..,..,..,..,..
OECD members,OED,GDP (current US$),NY.GDP.MKTP.CD,3.96728E+13,4.34342E+13,4.61195E+13,4.31431E+13,4.52535E+13,4.86715E+13,4.86193E+13,4.92672E+13,5.02755E+13,4.74088E+13
Other small states,OSS,GDP (current US$),NY.GDP.MKTP.CD,2.15567E+11,2.63683E+11,3.22811E+11,2.77036E+11,3.22389E+11,3.96801E+11,4.138E+11,4.31883E+11,4.46441E+11,3.70322E+11
Pacific island small states,PSS,GDP (current US$),NY.GDP.MKTP.CD,5688861876,6273720832,6704430279,6031363161,6634292997,7737745797,8194344980,8527969870,9269083213,9056069036
Post-demographic dividend,PST,GDP (current US$),NY.GDP.MKTP.CD,3.76049E+13,4.10437E+13,4.34765E+13,4.09295E+13,4.26909E+13,4.58473E+13,4.57751E+13,4.62299E+13,4.71445E+13,4.45828E+13
Pre-demographic dividend,PRE,GDP (current US$),NY.GDP.MKTP.CD,6.49918E+11,7.86744E+11,9.8223E+11,8.97935E+11,1.05591E+12,1.23025E+12,1.33689E+12,1.46653E+12,1.55738E+12,1.32814E+12
Small states,SST,GDP (current US$),NY.GDP.MKTP.CD,2.77323E+11,3.32281E+11,4.00297E+11,3.42906E+11,3.93967E+11,4.74622E+11,4.95847E+11,5.15643E+11,5.32632E+11,4.55047E+11
South Asia,SAS,GDP (current US$),NY.GDP.MKTP.CD,1.19609E+12,1.50416E+12,1.52761E+12,1.68317E+12,2.06247E+12,2.27734E+12,2.3024E+12,2.36271E+12,2.58779E+12,2.70484E+12
South Asia (IDA & IBRD),TSA,GDP (current US$),NY.GDP.MKTP.CD,1.19609E+12,1.50416E+12,1.52761E+12,1.68317E+12,2.06247E+12,2.27734E+12,2.3024E+12,2.36271E+12,2.58779E+12,2.70484E+12
Sub-Saharan Africa,SSF,GDP (current US$),NY.GDP.MKTP.CD,9.70282E+11,1.12414E+12,1.27437E+12,1.22573E+12,1.45699E+12,1.64414E+12,1.70769E+12,1.81487E+12,1.89592E+12,1.69006E+12
Sub-Saharan Africa (excluding high income),SSA,GDP (current US$),NY.GDP.MKTP.CD,9.69262E+11,1.1231E+12,1.27341E+12,1.22488E+12,1.45603E+12,1.64308E+12,1.70664E+12,1.81354E+12,1.89454E+12,1.68864E+12
Sub-Saharan Africa (IDA & IBRD countries),TSS,GDP (current US$),NY.GDP.MKTP.CD,9.70282E+11,1.12414E+12,1.27437E+12,1.22573E+12,1.45699E+12,1.64414E+12,1.70769E+12,1.81487E+12,1.89592E+12,1.69006E+12
Upper middle income,UMC,GDP (current US$),NY.GDP.MKTP.CD,8.23404E+12,1.0201E+13,1.24435E+13,1.19832E+13,1.46043E+13,1.76476E+13,1.89148E+13,2.03066E+13,2.09396E+13,1.96635E+13
World,WLD,GDP (current US$),NY.GDP.MKTP.CD,5.17801E+13,5.83493E+13,6.41206E+13,6.08039E+13,6.66056E+13,7.38575E+13,7.55004E+13,7.76062E+13,7.97326E+13,7.51864E+13
,,,,,,,,,,,,,
,,,,,,,,,,,,,
,,,,,,,,,,,,,
Data from database: World Development Indicators,,,,,,,,,,,,,
Last Updated: 03/01/2023,,,,,,,,,,,,,
